{
    "account": {
        "10": {
            "curCity": "market",
            "job": {
                "1": {
                    "EXP": 181951.1275162234,
                    "atrAP": 495.0,
                    "atrDF": 0.0,
                    "atrHP": 0.0,
                    "atrPoint": 0,
                    "bag": {
                        "0": {
                            "1": {
                                "number": 1,
                                "ware": false
                            }
                        },
                        "14": {
                            "1": {
                                "number": 0,
                                "ware": true
                            }
                        }
                    },
                    "level": 100,
                    "live": true,
                    "needEXP": 181951.1275162234,
                    "skillLevel": 1,
                    "skillPoint": 100,
                    "skillUpPoint": 99,
                    "status": {
                        "AP": 2108.670826554217,
                        "DF": 60.09081310054371,
                        "HP": 18447.699999999997,
                        "curHP": 17947.699999999997
                    }
                },
                "3": {
                    "EXP": 181951.1275162234,
                    "atrAP": 80.0,
                    "atrDF": 5.4,
                    "atrHP": 290.0,
                    "atrPoint": 0,
                    "bag": null,
                    "level": 100,
                    "live": true,
                    "needEXP": 181951.1275162234,
                    "skillLevel": 1,
                    "skillPoint": 100,
                    "skillUpPoint": 99,
                    "status": {
                        "AP": 2761.7895103757805,
                        "DF": 43.37508794942643,
                        "HP": 12054.86,
                        "curHP": 11764.86
                    }
                },
                "4": {
                    "EXP": 181951.1275162234,
                    "atrAP": 0.0,
                    "atrDF": 9.9,
                    "atrHP": 0.0,
                    "atrPoint": 0,
                    "bag": null,
                    "level": 100,
                    "live": true,
                    "needEXP": 181951.1275162234,
                    "skillLevel": 1,
                    "skillPoint": 100,
                    "skillUpPoint": 99,
                    "status": {
                        "AP": 1381.0111862858441,
                        "DF": 75.9881459381323,
                        "HP": 22224.320000000007,
                        "curHP": 22224.320000000007
                    }
                }
            },
            "money": 9963612.0,
            "passwd": "10",
            "store": null,
            "totleKill": 3
        }
    }
}
