{
    "account": {
        "10": {
            "curCity": "map01",
            "job": {
                "1": {
                    "EXP": 181951.1275162234,
                    "level": 100,
                    "needEXP": 181951.1275162234,
                    "status": {
                        "AP": 1613.670826554217,
                        "DF": 49.09081310054371,
                        "HP": 17947.699999999997,
                        "curHP": 17947.699999999997
                    }
                },
                "2": {
                    "EXP": 181951.1275162234,
                    "level": 100,
                    "needEXP": 181951.1275162234,
                    "status": {
                        "AP": 2042.2971333416135,
                        "DF": 39.0798122936259,
                        "HP": 14572.360000000002,
                        "curHP": 14572.360000000002
                    }
                },
                "3": {
                    "EXP": 143.0,
                    "level": 2,
                    "needEXP": 620.2,
                    "status": {
                        "AP": 38.325,
                        "DF": 12.256,
                        "HP": 36.260000000000005,
                        "curHP": 36.260000000000005
                    }
                },
                "4": {
                    "EXP": 181951.1275162234,
                    "level": 100,
                    "needEXP": 181951.1275162234,
                    "status": {
                        "AP": 1381.0111862858441,
                        "DF": 66.0881459381323,
                        "HP": 22224.320000000007,
                        "curHP": 22224.320000000007
                    }
                }
            },
            "passwd": "10"
        }
    }
}
