{
    "account": {
        "10": {
            "curCity": "market",
            "job": {
                "3": {
                    "EXP": 181951.1275162234,
                    "bag": {
                        "4": {
                            "Lv": 1,
                            "num": 3
                        }
                    },
                    "level": 100,
                    "live": true,
                    "needEXP": 181951.1275162234,
                    "skillLevel": 1,
                    "skillPoint": 99,
                    "status": {
                        "AP": 2681.7895103757805,
                        "DF": 37.97508794942643,
                        "HP": 11764.86,
                        "curHP": 10308.86
                    }
                }
            },
            "money": 1999136.0,
            "passwd": "10",
            "skillPoint": 99,
            "store": null,
            "totleKill": 8
        }
    }
}
