{
    "account": {
        "10": {
            "curCity": "market",
            "job": {
                "1": {
                    "EXP": 181951.1275162234,
                    "bag": {
                        "13": {
                            "1": 0,
                            "ware": true
                        },
                        "14": {
                            "1": 0,
                            "ware": true
                        },
                        "15": {
                            "1": 0,
                            "ware": true
                        },
                        "9": {
                            "1": 1,
                            "ware": false
                        }
                    },
                    "level": 100,
                    "live": true,
                    "needEXP": 181951.1275162234,
                    "skillLevel": 1,
                    "skillPoint": 20,
                    "status": {
                        "AP": 3113.670826554217,
                        "DF": 69.09081310054371,
                        "HP": 19947.699999999997,
                        "curHP": 8586.699999999997
                    }
                },
                "3": {
                    "EXP": 181951.1275162234,
                    "bag": {
                        "11": {
                            "1": 1,
                            "ware": false
                        },
                        "8": {
                            "1": 0,
                            "ware": true
                        }
                    },
                    "level": 100,
                    "live": true,
                    "needEXP": 181951.1275162234,
                    "skillLevel": 1,
                    "skillPoint": 100,
                    "status": {
                        "AP": 2681.7895103757805,
                        "DF": 41.97508794942643,
                        "HP": 11864.86,
                        "curHP": 11800.86
                    }
                }
            },
            "money": 1986713.0,
            "passwd": "10",
            "skillPoint": 20,
            "store": {
                "5": {
                    "1": 1
                }
            },
            "totleKill": 3
        },
        "odinx123": {
            "curCity": "modernCity",
            "job": {
                "3": {
                    "EXP": 149.0,
                    "bag": null,
                    "level": 2,
                    "live": true,
                    "needEXP": 620.2,
                    "skillLevel": 1,
                    "skillPoint": 1,
                    "status": {
                        "AP": 38.325,
                        "DF": 12.256,
                        "HP": 36.260000000000005,
                        "curHP": 27.260000000000005
                    }
                }
            },
            "money": 126.0,
            "passwd": "9879",
            "skillPoint": 1,
            "store": {
                "3": {
                    "1": 1
                }
            },
            "totleKill": 3
        }
    }
}
